id,payment_id,country,order_id
1,84,Dominican Republic,69c245f9-8803-4aac-aafa-31d291c22e2d
2,2,Italy,e39b95ef-ad23-4f02-ad9f-7717ed9a7366
3,21,Russia,bac91383-d065-4734-8c20-e5a89b9d2af5
4,74,Japan,b3fd16cc-a48c-417e-ac67-ff42e616ce63
5,83,India,474f6866-7c5f-4ad6-bb4a-ddcc6bb6a734
6,92,Lithuania,49d0efff-649a-4d4b-ab35-ee782521711a
7,68,Turkey,a051be1d-555f-47ad-bf9b-0912ba94475a
8,81,Australia,c60cb419-c405-4312-88e1-0dfb1a85ca89
9,80,France,eccea35f-217f-4ab9-bbd9-3691a2f17060
10,50,Portugal,4d989ca5-7d4c-4f27-9934-dd2c18c109c0
11,96,Japan,e609cb07-6ba5-4688-827e-cbf164d06b13
12,56,India,0fab3638-2ad3-422e-9aba-3fb699a5bee4
13,5,Italy,912af9dd-fcc6-4d36-b588-ee2a81e9ff63
14,15,United Kingdom,9c78a218-0227-4ed9-88a4-53a1d338f80a
15,75,United States,0a48d24e-cd13-4108-b419-2eb07d7f118f
16,61,Latvia,c1fbed9d-8e6e-4f9e-a90d-4eb118a25bec
17,63,Spain,62ff842b-eeeb-4690-99c2-3c619837dd8f
18,34,Mexico,f830f411-260c-4f95-b117-dea9581f188a
19,86,United Arab Emirates,09330633-ca5f-4b62-8d68-065106a185c0
20,3,United States,3141c0ca-30c8-4519-94f0-03d97a7237db
21,89,Turkey,4b3e9f3c-491a-42d9-a435-fbb5e945a69d
22,9,Malawi,bd6fc969-96d4-445e-bb94-0dd4eb5e0d14
23,45,Spain,1037b967-2f55-4094-9604-9bde3239b495
24,65,Singapore,2007c64f-8999-4aac-a5e3-fbb939bdd035
25,47,Singapore,af795170-9c76-4718-ad9f-4f3908db5a7d
26,52,Romania,db4dd437-bb55-46c2-a244-b3e631eae237
27,51,Italy,70665ae2-ff9b-43af-85f1-45a39c2d76b3
28,33,Brazil,df28185b-28b2-4ca1-b6ef-cc4723088e78
29,90,Malaysia,6b179dd7-f92b-4171-b870-76d1158d1030
30,37,Poland,59fa321a-d736-4e34-b399-94d04fd2b990
31,60,Spain,9590e72b-e257-40fc-88d4-b92c3127b1f3
32,36,Russia,86b8731a-9cae-4222-951b-470e9f0c91a6
33,32,Turkey,bd05ad4c-afc9-468d-a7eb-97fac75c3a8c
34,16,Romania,944690fa-fc77-4783-96fa-4c037867282b
35,93,Spain,c34d3a98-ab93-45b7-b018-b7108decf18d
36,29,Sri Lanka,39665e30-53ae-4c7e-91b1-b8545c1cf38a
37,49,Italy,f38c6246-d67b-4a71-9a5d-c23ad1e1ccb1
38,87,Cyprus,2e1386f9-6d2b-4bab-a776-bfd86d6c771b
39,13,Turkey,3a7e5e86-11bc-4ebd-abc5-1f6e7dd2532f
40,38,Poland,8ae2f31c-dcf4-4ac8-8ed2-462a5e987d46
41,40,Germany,e80078ef-161d-4f55-b88d-da09f667c46b
42,79,India,c4d0db5f-e28f-4c6a-8f31-debf00b73195
43,88,Singapore,b32ca4e5-fe91-4db2-a8a9-9f771665f03b
44,95,France,ee65c4b0-30c8-46ca-8697-e3b94f438974
45,1,Spain,fc148432-562a-4924-8946-6520aa946ce8
46,26,Sweden,bd2e030c-8953-46f3-a3ba-0526d9ab9d8d
47,42,Japan,460f6374-9e6a-4899-99e7-b82154f5f674
48,30,India,9fb62745-cafc-4f33-99a2-566b94f8e975
49,98,Ukraine,b0e6022c-f417-4d0a-8fff-e4457d44e90d
50,69,Japan,3a2e6774-06de-4888-87ff-bdab27ff1f77
51,6,South Korea,979349e6-8aea-4dde-99f7-63a260d73a88
52,46,Estonia,c10ca159-40a9-4b6a-b45a-650f2cd48ef8
53,55,Belgium,5cc1254d-e746-4144-9b3e-dbdc6d2bd157
54,94,Ukraine,b9fbb8b7-b002-47bc-af32-8c877ec93c0c
55,31,United States,1789c77d-ed53-4299-b47b-55dcba397290
56,71,Mexico,52bd1c60-5d90-420d-80b4-0696835a5d66
57,11,Ukraine,e4a9ba0a-9b3c-449e-bb01-7639c59503d6
58,20,France,b559c20f-db35-48a6-b1d8-7699a6d7d373
59,57,Poland,06f3d5d4-a719-4f56-b360-9d8c151b2634
60,43,Singapore,d3a0fcaa-f6a1-461a-84df-98f2a2281f4d
61,19,Turkey,59ab6f32-ac3a-49ac-b09d-9053d07ece8e
62,39,Germany,1bf7c8be-fe14-4573-96e2-8b2ee67b4375
63,54,South Korea,99b871e9-c647-40a2-afe6-1991e761322c
64,8,United States,75eea605-5a31-4867-987e-3d626b42d6f8
65,12,Czech Republic,686dc895-986a-4ae0-ae64-c8696a50ef50
66,48,Algeria,9169108c-b087-430b-86a1-24c4de56839e
67,10,India,9ef8abdd-8e42-4a8f-8175-7d4f7ac12d1e
68,72,Singapore,e1556a21-56ee-4d05-83b6-f233d8ba48fc
69,17,Turkey,7625711d-87f8-4123-b55a-0a485ab15363
70,22,Austria,6a759ca9-082c-4817-928a-adf10b803e8c
71,67,Hungary,650fb1ac-40e2-44dc-a711-caca8da604bb
72,70,Japan,92bd3fb1-40d6-4722-a6a0-fe89c9db84fc
73,77,Singapore,f6998be4-e605-436d-b8df-859dc3886ddb
74,4,Lithuania,a3536ca1-b4f1-4228-8d62-79b096d69087
75,66,Ukraine,60bf87d0-5c11-4684-9280-9d266048c688
76,53,Japan,3c8f86fa-1473-4a0a-b543-53f09d17dbb9
77,85,Italy,ce75c801-6205-4893-a122-38ace491a2c7
78,58,Turkey,9289827b-1524-41a2-bdf8-bd7c2204cb3e
79,59,Singapore,2c067f41-f623-4dc8-87a2-d16c7a2d62ae
80,100,Algeria,0078df71-671a-4cc7-aad4-dd4a86a69d7b
81,41,Russia,82b5b6e8-f5bf-4683-9338-b0f31a7882ea
82,27,Argentina,1c7bd85f-0648-4d49-8ed4-ac3dbab81a60
83,18,Russia,b6831787-bbf9-44f4-a159-b8aac8b3c69f
84,82,India,7ddd3532-249b-4f34-8df2-1ccc2e2450ef
85,23,Spain,f8897394-5153-49da-a746-bcb0e00f9e15
86,97,Ukraine,13e6e4d4-0c2c-440a-9bee-bdf40d5a15e4
87,25,Romania,04bd5e34-e367-4d59-8efe-77ad17a6ec2f
88,78,Argentina,bb604454-d37d-4c8f-bd46-b2523363a6d1
89,14,Mexico,180ea623-6902-43f0-a345-31c02c073db2
90,24,South Korea,61911d07-3ac4-454d-98fc-a6309faf7e8b
91,64,Germany,fbc34508-43d0-472f-a983-c54d9ee0a47a
92,62,Argentina,615b6626-31ea-4387-8b60-3e949d039b7b
93,73,Japan,3fa1cb6c-29da-4593-9f12-77c69f2bca83
94,28,United Arab Emirates,682003b1-35a4-40e8-878f-89e2148b091d
95,7,United Kingdom,7eb0ef52-a9c4-4482-81af-67c9bbb10f99
96,44,Romania,29292f41-820e-4543-8fe4-2b8a04c5f8fe
97,91,Germany,42498dab-4607-46bb-a0d2-be6befbe9591
98,76,Uruguay,fdba0ec7-ad49-41a6-b76a-10eb9e239a85
99,99,Algeria,c13c640d-671a-4045-a7e8-5838552e7339
100,35,United States,100675e5-303c-4633-b514-886acacf1ad6
